category,type,product_group,brand,product_name,size_mm,size_inch,product_code,length,unit,mrp,selling_price,purchase_price,discount,image_url,is_active
Pipes & Tubing,CPVC,WATER PLUMBING SYSTEM,Astral,WATER PLUMBING SYSTEM,,,M511110301,,pcs,336,336,,,https://images.jdmagicbox.com/quickquotes/images_main/astral-cpvc-pipe-2229719442-6b9d0pqz.jpg,true
Pipes & Tubing,CPVC,WATER PLUMBING SYSTEM,Astral,WATER PLUMBING SYSTEM,,,M511110302,,pcs,450,450,,,https://images.jdmagicbox.com/quickquotes/images_main/astral-cpvc-pipe-2229719442-6b9d0pqz.jpg,true
Pipes & Tubing,CPVC,WATER PLUMBING SYSTEM,Astral,WATER PLUMBING SYSTEM,,,M511110303,,pcs,696,696,,,https://images.jdmagicbox.com/quickquotes/images_main/astral-cpvc-pipe-2229719442-6b9d0pqz.jpg,true
Pipes & Tubing,CPVC,WATER PLUMBING SYSTEM,Astral,WATER PLUMBING SYSTEM,,,M511110304,,pcs,1191,1191,,,https://images.jdmagicbox.com/quickquotes/images_main/astral-cpvc-pipe-2229719442-6b9d0pqz.jpg,true
Pipes & Tubing,CPVC,WATER PLUMBING SYSTEM,Astral,WATER PLUMBING SYSTEM,,,M511110305,,pcs,1635,1635,,,https://images.jdmagicbox.com/quickquotes/images_main/astral-cpvc-pipe-2229719442-6b9d0pqz.jpg,true
Pipes & Tubing,CPVC,WATER PLUMBING SYSTEM,Astral,WATER PLUMBING SYSTEM,,,M511110306,,pcs,2838,2838,,,https://images.jdmagicbox.com/quickquotes/images_main/astral-cpvc-pipe-2229719442-6b9d0pqz.jpg,true
Pipes & Tubing,CPVC,PIPE SDR-11,Astral,PIPE SDR-11,,,M511130301,,pcs,294,294,,,,true
Pipes & Tubing,CPVC,PIPE SDR-11,Astral,PIPE SDR-11,,,M511130302,,pcs,423,423,,,,true
Pipes & Tubing,CPVC,PIPE SDR-11,Astral,PIPE SDR-11,,,M511130303,,pcs,618,618,,,,true
Pipes & Tubing,CPVC,PIPE SDR-11,Astral,PIPE SDR-11,,,M511130304,,pcs,1017,1017,,,,true
Pipes & Tubing,CPVC,PIPE SDR-11,Astral,PIPE SDR-11,,,M511130305,,pcs,1407,1407,,,,true
Pipes & Tubing,CPVC,PIPE SDR-11,Astral,PIPE SDR-11,,,M511130306,,pcs,2388,2388,,,,true
Pipes & Tubing,CPVC,PIPE SDR-13.5,Astral,PIPE SDR-13.5,,,M511400307,,pcs,4875,4875,,,,true
Pipes & Tubing,CPVC,PIPE SDR-13.5,Astral,PIPE SDR-13.5,,,M511400308,,pcs,6594,6594,,,,true
Pipes & Tubing,CPVC,PIPE SDR-13.5,Astral,PIPE SDR-13.5,,,M511400309,,pcs,9567,9567,,,,true
Pipes & Tubing,CPVC,PIPE SDR-13.5,Astral,PIPE SDR-13.5,,,M511400310,,pcs,18090,18090,,,,true
Pipes & Tubing,CPVC,SCHEDULE 40,Astral,PIPE SCHEDULE 40,,,M511110501,,pcs,560,560,,,,true
Pipes & Tubing,CPVC,SCHEDULE 40,Astral,PIPE SCHEDULE 40,,,M511110502,,pcs,750,750,,,,true
Pipes & Tubing,CPVC,SCHEDULE 40,Astral,PIPE SCHEDULE 40,,,M511110503,,pcs,1160,1160,,,,true
Pipes & Tubing,CPVC,SCHEDULE 40,Astral,PIPE SCHEDULE 40,,,M511110504,,pcs,1985,1985,,,,true
Pipes & Tubing,CPVC,SCHEDULE 40,Astral,PIPE SCHEDULE 40,,,M511110505,,pcs,2725,2725,,,,true
Pipes & Tubing,CPVC,SCHEDULE 40,Astral,PIPE SCHEDULE 40,,,M511110506,,pcs,4730,4730,,,,true
Pipes & Tubing,CPVC,PIPE SDR-11,Astral,PIPE SDR-11,,,M511130501,,pcs,490,490,,,,true
Pipes & Tubing,CPVC,PIPE SDR-11,Astral,PIPE SDR-11,,,M511130502,,pcs,705,705,,,,true
Pipes & Tubing,CPVC,PIPE SDR-11,Astral,PIPE SDR-11,,,M511130503,,pcs,1030,1030,,,,true
Pipes & Tubing,CPVC,PIPE SDR-11,Astral,PIPE SDR-11,,,M511130504,,pcs,1695,1695,,,,true
Pipes & Tubing,CPVC,PIPE SDR-11,Astral,PIPE SDR-11,,,M511130505,,pcs,2345,2345,,,,true
Pipes & Tubing,CPVC,PIPE SDR-11,Astral,PIPE SDR-11,,,M511130506,,pcs,3980,3980,,,,true
Pipes & Tubing,CPVC,PIPE SDR-13.5,Astral,PIPE SDR-13.5,,,M511400507,,pcs,8125,8125,,,,true
Pipes & Tubing,CPVC,PIPE SDR-13.5,Astral,PIPE SDR-13.5,,,M511400508,,pcs,10990,10990,,,,true
Pipes & Tubing,CPVC,PIPE SDR-13.5,Astral,PIPE SDR-13.5,,,M511400509,,pcs,15945,15945,,,,true
Pipes & Tubing,CPVC,PIPE SDR-13.5,Astral,PIPE SDR-13.5,,,M511400510,,pcs,30150,30150,,,,true
Pipes & Tubing,CPVC,SCHEDULE 40,Astral,PIPE SCHEDULE 40,,,M511090502,,pcs,969,969,,,,true
Pipes & Tubing,CPVC,SCHEDULE 40,Astral,PIPE SCHEDULE 40,,,M511090503,,pcs,1610,1610,,,,true
Pipes & Tubing,CPVC,PIPE CTS SDR 09,Astral,PIPE CTS SDR 09,,,M511090302,,pcs,581,581,,,,true
Pipes & Tubing,CPVC,PIPE CTS SDR 09,Astral,PIPE CTS SDR 09,,,M511090303,,pcs,966,966,,,,true
Pipes & Tubing,CPVC,SCHEDULE 80,Astral,PIPE SCHEDULE 80,,,M511800507,,pcs,11110,11110,,,,true
Pipes & Tubing,CPVC,SCHEDULE 80,Astral,PIPE SCHEDULE 80,,,M511800508,,pcs,14930,14930,,,,true
Pipes & Tubing,CPVC,SCHEDULE 80,Astral,PIPE SCHEDULE 80,,,M511800509,,pcs,22190,22190,,,,true
Pipes & Tubing,CPVC,SCHEDULE 80,Astral,PIPE SCHEDULE 80,,,M511800510,,pcs,46430,46430,,,,true
Pipes & Tubing,CPVC,SCHEDULE 80,Astral,PIPE SCHEDULE 80,,,M511800511,,pcs,73595,73595,,,,true
Pipes & Tubing,CPVC,SCHEDULE 80,Astral,PIPE SCHEDULE 80,,,M511800307,,pcs,6666,6666,,,,true
Pipes & Tubing,CPVC,SCHEDULE 80,Astral,PIPE SCHEDULE 80,,,M511800308,,pcs,8958,8958,,,,true
Pipes & Tubing,CPVC,SCHEDULE 80,Astral,PIPE SCHEDULE 80,,,M511800309,,pcs,13314,13314,,,,true
Pipes & Tubing,CPVC,SCHEDULE 80,Astral,PIPE SCHEDULE 80,,,M511800310,,pcs,27858,27858,,,,true
Pipes & Tubing,CPVC,SCHEDULE 80,Astral,PIPE SCHEDULE 80,,,M511800311,,pcs,44157,44157,,,,true
Fittings,CPVC,Astral Product,Astral,Astral Product,,,M512111001,,pcs,19.5,19.5,,,,true
Fittings,CPVC,Astral Product,Astral,Astral Product,,,M512111002,,pcs,23,23,,,,true
Fittings,CPVC,Astral Product,Astral,Astral Product,,,M512111003,,pcs,37,37,,,,true
Fittings,CPVC,Astral Product,Astral,Astral Product,,,M512111004,,pcs,76,76,,,,true
Fittings,CPVC,Astral Product,Astral,Astral Product,,,M512111005,,pcs,139,139,,,,true
Fittings,CPVC,Astral Product,Astral,Astral Product,,,M512111006,,pcs,286,286,,,,true
Fittings,CPVC,COUPLER-SOC,Astral,COUPLER-SOC,,,M512110501,,pcs,24,24,,,,true
Fittings,CPVC,COUPLER-SOC,Astral,COUPLER-SOC,,,M512110502,,pcs,27,27,,,,true
Fittings,CPVC,COUPLER-SOC,Astral,COUPLER-SOC,,,M512110503,,pcs,52,52,,,,true
Fittings,CPVC,COUPLER-SOC,Astral,COUPLER-SOC,,,M512110504,,pcs,118,118,,,,true
Fittings,CPVC,COUPLER-SOC,Astral,COUPLER-SOC,,,M512110505,,pcs,227,227,,,,true
Fittings,CPVC,COUPLER-SOC,Astral,COUPLER-SOC,,,M512110506,,pcs,451,451,,,,true
Fittings,CPVC,-SOC,Astral,-SOC,,,M512114101,,pcs,16,16,,,,true
Fittings,CPVC,-SOC,Astral,-SOC,,,M512114102,,pcs,21,21,,,,true
Fittings,CPVC,-SOC,Astral,-SOC,,,M512114103,,pcs,32.5,32.5,,,,true
Fittings,CPVC,-SOC,Astral,-SOC,,,M512114104,,pcs,67,67,,,,true
Fittings,CPVC,-SOC,Astral,-SOC,,,M512114105,,pcs,98.5,98.5,,,,true
Fittings,CPVC,-SOC,Astral,-SOC,,,M512114106,,pcs,208,208,,,,true
Fittings,CPVC,END CAP-SOC,Astral,END CAP-SOC,,,M512112301,,pcs,27,27,,,,true
Fittings,CPVC,END CAP-SOC,Astral,END CAP-SOC,,,M512112302,,pcs,39,39,,,,true
Fittings,CPVC,END CAP-SOC,Astral,END CAP-SOC,,,M512112303,,pcs,69.5,69.5,,,,true
Fittings,CPVC,END CAP-SOC,Astral,END CAP-SOC,,,M512112304,,pcs,145,145,,,,true
Fittings,CPVC,END CAP-SOC,Astral,END CAP-SOC,,,M512112305,,pcs,231,231,,,,true
Fittings,CPVC,END CAP-SOC,Astral,END CAP-SOC,,,M512112306,,pcs,458,458,,,,true
Fittings,CPVC,-SOC,Astral,-SOC,,,M512110101,,pcs,32.5,32.5,,,,true
Fittings,CPVC,-SOC,Astral,-SOC,,,M512110102,,pcs,43.5,43.5,,,,true
Fittings,CPVC,-SOC,Astral,-SOC,,,M512110103,,pcs,66,66,,,,true
Fittings,CPVC,-SOC,Astral,-SOC,,,M512110104,,pcs,150,150,,,,true
Fittings,CPVC,-SOC,Astral,-SOC,,,M512110105,,pcs,272,272,,,,true
Fittings,CPVC,-SOC,Astral,-SOC,,,M512110106,,pcs,569,569,,,,true
Fittings,CPVC,(IPS X CTS),Astral,(IPS X CTS),,,A5121110031,,pcs,848,848,,,,true
Fittings,CPVC,(IPS X CTS),Astral,(IPS X CTS),,,M5121110033,,pcs,1256,1256,,,,true
Fittings,CPVC,(IPS X CTS),Astral,(IPS X CTS),,,M5121110034,,pcs,1308,1308,,,,true
Fittings,CPVC,(IPS X CTS),Astral,(IPS X CTS),,,A5121110037,,pcs,2567,2567,,,,true
Fittings,CPVC,(IPS X CTS),Astral,(IPS X CTS),,,M5121110039,,pcs,1940,1940,,,,true
Fittings,CPVC,(IPS X CTS),Astral,(IPS X CTS),,,M5121110040,,pcs,1863,1863,,,,true
Fittings,CPVC,(IPS X CTS),Astral,(IPS X CTS),,,M5121110046,,pcs,3228,3228,,,,true
Fittings,CPVC,(IPS X CTS),Astral,(IPS X CTS),,,M5121110047,,pcs,3275,3275,,,,true
Fittings,CPVC,(IPS X CTS),Astral,(IPS X CTS),,,A5121110055,,pcs,7861,7861,,,,true
Fittings,CPVC,(IPS X CTS),Astral,(IPS X CTS),,,M512111114,,pcs,32.5,32.5,,,,true
Fittings,CPVC,(IPS X CTS),Astral,(IPS X CTS),,,M512111115,,pcs,50,50,,,,true
Fittings,CPVC,(IPS X CTS),Astral,(IPS X CTS),,,M512111116,,pcs,53,53,,,,true
Fittings,CPVC,(IPS X CTS),Astral,(IPS X CTS),,,M512111117,,pcs,102,102,,,,true
Fittings,CPVC,(IPS X CTS),Astral,(IPS X CTS),,,M512111118,,pcs,105,105,,,,true
Fittings,CPVC,(IPS X CTS),Astral,(IPS X CTS),,,M512111119,,pcs,108,108,,,,true
Fittings,CPVC,(IPS X CTS),Astral,(IPS X CTS),,,M512111120,,pcs,152,152,,,,true
Fittings,CPVC,(IPS X CTS),Astral,(IPS X CTS),,,M512111121,,pcs,150,150,,,,true
Fittings,CPVC,(IPS X CTS),Astral,(IPS X CTS),,,M512111122,,pcs,161,161,,,,true
Fittings,CPVC,(IPS X CTS),Astral,(IPS X CTS),,,M512111123,,pcs,158,158,,,,true
Fittings,CPVC,(IPS X CTS),Astral,(IPS X CTS),,,M512111124,,pcs,314,314,,,,true
Fittings,CPVC,(IPS X CTS),Astral,(IPS X CTS),,,M512111125,,pcs,321,321,,,,true
Fittings,CPVC,(IPS X CTS),Astral,(IPS X CTS),,,M512111126,,pcs,314,314,,,,true
Fittings,CPVC,(IPS X CTS),Astral,(IPS X CTS),,,M512111127,,pcs,328,328,,,,true
Fittings,CPVC,(IPS X CTS),Astral,(IPS X CTS),,,M512111128,,pcs,388,388,,,,true
Fittings,CPVC,WITH CLAMP,Astral,WITH CLAMP,,,M5121110333,,pcs,552,552,,,,true
Fittings,CPVC,WITH CLAMP,Astral,WITH CLAMP,,,M5121110334,,pcs,593,593,,,,true
Fittings,CPVC,WITH CLAMP,Astral,WITH CLAMP,,,M5121110339,,pcs,757,757,,,,true
Fittings,CPVC,WITH CLAMP,Astral,WITH CLAMP,,,M5121110340,,pcs,798,798,,,,true
Fittings,CPVC,WITH CLAMP,Astral,WITH CLAMP,,,M5121110346,,pcs,1226,1226,,,,true
Fittings,CPVC,WITH CLAMP,Astral,WITH CLAMP,,,M5121110347,,pcs,1250,1250,,,,true
Fittings,CPVC,(IPS X CTS),Astral,(IPS X CTS),,,M512112202,,pcs,59.5,59.5,,,,true
Fittings,CPVC,(IPS X CTS),Astral,(IPS X CTS),,,M512112203,,pcs,90,90,,,,true
Fittings,CPVC,(IPS X CTS),Astral,(IPS X CTS),,,M512110614,,pcs,40,40,,,,true
Fittings,CPVC,(IPS X CTS),Astral,(IPS X CTS),,,M512110615,,pcs,76,76,,,,true
Fittings,CPVC,(IPS X CTS),Astral,(IPS X CTS),,,M512110616,,pcs,103,103,,,,true
Fittings,CPVC,(IPS X CTS),Astral,(IPS X CTS),,,A512110617,,pcs,110,110,,,,true
Fittings,CPVC,(IPS X CTS),Astral,(IPS X CTS),,,M512110618,,pcs,118,118,,,,true
Fittings,CPVC,(IPS X CTS),Astral,(IPS X CTS),,,M512110619,,pcs,158,158,,,,true
Fittings,CPVC,(IPS X CTS),Astral,(IPS X CTS),,,A512110626,,pcs,499,499,,,,true
Fittings,CPVC,2.0 30050M5121112402,Astral,2.0 30050M5121112402,,,M512110701,,pcs,111,111,,,,true
Fittings,CPVC,2.0 30050M5121112402,Astral,2.0 30050M5121112402,,,M512110714,,pcs,169,169,,,,true
Fittings,CPVC,2.0 30050M5121112402,Astral,2.0 30050M5121112402,,,M512110702,,pcs,176,176,,,,true
Fittings,CPVC,2.0 30050M5121112402,Astral,2.0 30050M5121112402,,,M512110715,,pcs,286,286,,,,true
Fittings,CPVC,2.0 30050M5121112402,Astral,2.0 30050M5121112402,,,M512110716,,pcs,537,537,,,,true
Fittings,CPVC,2.0 30050M5121112402,Astral,2.0 30050M5121112402,,,M512110703,,pcs,330,330,,,,true
Fittings,CPVC,2.0 30050M5121112402,Astral,2.0 30050M5121112402,,,M512110517,,pcs,391,391,,,,true
Fittings,CPVC,2.0 30050M5121112402,Astral,2.0 30050M5121112402,,,M512110518,,pcs,702,702,,,,true
Fittings,CPVC,2.0 30050M5121112402,Astral,2.0 30050M5121112402,,,M512110704,,pcs,72.5,72.5,,,,true
Fittings,CPVC,-SOC,Astral,-SOC,,,A512110291,,pcs,69.5,69.5,,,,true
Fittings,CPVC,-SOC,Astral,-SOC,,,A512110292,,pcs,70.5,70.5,,,,true
Fittings,CPVC,-SOC,Astral,-SOC,,,A512110293,,pcs,70.5,70.5,,,,true
Fittings,CPVC,-SOC,Astral,-SOC,,,M512110214,,pcs,72.5,72.5,,,,true
Fittings,CPVC,-SOC,Astral,-SOC,,,M512110215,,pcs,111,111,,,,true
Fittings,CPVC,-SOC,Astral,-SOC,,,M512110216,,pcs,121,121,,,,true
Fittings,CPVC,-SOC,Astral,-SOC,,,M512110217,,pcs,202,202,,,,true
Fittings,CPVC,-SOC,Astral,-SOC,,,M512110218,,pcs,233,233,,,,true
Fittings,CPVC,-SOC,Astral,-SOC,,,M512110219,,pcs,216,216,,,,true
Fittings,CPVC,-SOC,Astral,-SOC,,,M512110220,,pcs,334,334,,,,true
Fittings,CPVC,-SOC,Astral,-SOC,,,M512110221,,pcs,330,330,,,,true
Fittings,CPVC,-SOC,Astral,-SOC,,,M512110222,,pcs,312,312,,,,true
Fittings,CPVC,-SOC,Astral,-SOC,,,M512110223,,pcs,310,310,,,,true
Fittings,CPVC,-SOC,Astral,-SOC,,,M512110224,,pcs,592,592,,,,true
Fittings,CPVC,-SOC,Astral,-SOC,,,M512110225,,pcs,639,639,,,,true
Fittings,CPVC,-SOC,Astral,-SOC,,,M512110226,,pcs,629,629,,,,true
Fittings,CPVC,-SOC,Astral,-SOC,,,M512110227,,pcs,639,639,,,,true
Fittings,CPVC,-SOC,Astral,-SOC,,,M512110228,,pcs,639,639,,,,true
Fittings,CPVC,-SOC,Astral,-SOC,,,M512114923,,pcs,217,217,,,,true
Fittings,CPVC,-SOC,Astral,-SOC,,,M512115024,,pcs,239,239,,,,true
Fittings,CPVC,MALE BRASS,Astral,MALE BRASS,,,M512111514,,pcs,222,222,,,,true
Fittings,CPVC,MALE BRASS,Astral,MALE BRASS,,,M512111515,,pcs,333,333,,,,true
Fittings,CPVC,MALE BRASS,Astral,MALE BRASS,,,M512111416,,pcs,333,333,,,,true
Fittings,CPVC,ADAPTOR,Astral,ADAPTOR,,,M512119801,,pcs,258,258,,,,true
Fittings,CPVC,ADAPTOR,Astral,ADAPTOR,,,M512119802,,pcs,585,585,,,,true
Fittings,CPVC,ADAPTOR,Astral,ADAPTOR,,,M512119803,,pcs,817,817,,,,true
Fittings,CPVC,ADAPTOR,Astral,ADAPTOR,,,M512119804,,pcs,1432,1432,,,,true
Fittings,CPVC,ADAPTOR,Astral,ADAPTOR,,,M512119805,,pcs,1783,1783,,,,true
Fittings,CPVC,ADAPTOR,Astral,ADAPTOR,,,M512119806,,pcs,2670,2670,,,,true
Fittings,CPVC,MALE UNION,Astral,MALE UNION,,,M512119901,,pcs,268,268,,,,true
Fittings,CPVC,MALE UNION,Astral,MALE UNION,,,M512119902,,pcs,537,537,,,,true
Fittings,CPVC,MALE UNION,Astral,MALE UNION,,,M512119903,,pcs,708,708,,,,true
Fittings,CPVC,MALE UNION,Astral,MALE UNION,,,M512119904,,pcs,1245,1245,,,,true
Fittings,CPVC,MALE UNION,Astral,MALE UNION,,,M512119905,,pcs,1604,1604,,,,true
Fittings,CPVC,MALE UNION,Astral,MALE UNION,,,M512119906,,pcs,2442,2442,,,,true
Fittings,CPVC,FEMALE UNION,Astral,FEMALE UNION,,,M512112601,,pcs,80,80,,,,true
Fittings,CPVC,FEMALE UNION,Astral,FEMALE UNION,,,M512112602,,pcs,131,131,,,,true
Fittings,CPVC,FEMALE UNION,Astral,FEMALE UNION,,,M512112603,,pcs,156,156,,,,true
Fittings,CPVC,FEMALE UNION,Astral,FEMALE UNION,,,M512112604,,pcs,254,254,,,,true
Fittings,CPVC,FEMALE UNION,Astral,FEMALE UNION,,,M512112605,,pcs,418,418,,,,true
Fittings,CPVC,FEMALE UNION,Astral,FEMALE UNION,,,M512112606,,pcs,754,754,,,,true
Fittings,CPVC,UNION-SOC,Astral,UNION-SOC,,,M512111701,,pcs,234,234,,,,true
Fittings,CPVC,UNION-SOC,Astral,UNION-SOC,,,M512111702,,pcs,299,299,,,,true
Fittings,CPVC,UNION-SOC,Astral,UNION-SOC,,,M512111703,,pcs,603,603,,,,true
Fittings,CPVC,UNION-SOC,Astral,UNION-SOC,,,M512111704,,pcs,1141,1141,,,,true
Fittings,CPVC,UNION-SOC,Astral,UNION-SOC,,,M512111705,,pcs,1313,1313,,,,true
Fittings,CPVC,UNION-SOC,Astral,UNION-SOC,,,M512111706,,pcs,2170,2170,,,,true
Fittings,CPVC,FEMALE ADAPTOR,Astral,FEMALE ADAPTOR,,,M512111214,,pcs,119,119,,,,true
Fittings,CPVC,FEMALE ADAPTOR,Astral,FEMALE ADAPTOR,,,M512111215,,pcs,154,154,,,,true
Fittings,CPVC,FEMALE ADAPTOR,Astral,FEMALE ADAPTOR,,,M512111216,,pcs,187,187,,,,true
Fittings,CPVC,COUPLER,Astral,COUPLER,,,M512111401,,pcs,242,242,,,,true
Fittings,CPVC,COUPLER,Astral,COUPLER,,,M512111402,,pcs,294,294,,,,true
Fittings,CPVC,COUPLER,Astral,COUPLER,,,M512111403,,pcs,523,523,,,,true
Fittings,CPVC,COUPLER,Astral,COUPLER,,,M512111404,,pcs,1089,1089,,,,true
Fittings,CPVC,COUPLER,Astral,COUPLER,,,M512111405,,pcs,1412,1412,,,,true
Fittings,CPVC,COUPLER,Astral,COUPLER,,,M512111406,,pcs,2509,2509,,,,true
Fittings,CPVC,MALE ADAPTOR,Astral,MALE ADAPTOR,,,M512111601,,pcs,29.5,29.5,,,,true
Fittings,CPVC,MALE ADAPTOR,Astral,MALE ADAPTOR,,,M512111602,,pcs,42.5,42.5,,,,true
Fittings,CPVC,MALE ADAPTOR,Astral,MALE ADAPTOR,,,M512111603,,pcs,63,63,,,,true
Fittings,CPVC,MALE ADAPTOR,Astral,MALE ADAPTOR,,,M512111604,,pcs,168,168,,,,true
Fittings,CPVC,MALE ADAPTOR,Astral,MALE ADAPTOR,,,M512111605,,pcs,216,216,,,,true
Fittings,CPVC,MALE ADAPTOR,Astral,MALE ADAPTOR,,,M512111606,,pcs,341,341,,,,true
Fittings,CPVC,ADAPTOR,Astral,ADAPTOR,,,M512111614,,pcs,54,54,,,,true
Fittings,CPVC,ADAPTOR,Astral,ADAPTOR,,,M512111301,,pcs,23,23,,,,true
Fittings,CPVC,ADAPTOR,Astral,ADAPTOR,,,M512111302,,pcs,32.5,32.5,,,,true
Fittings,CPVC,ADAPTOR,Astral,ADAPTOR,,,M512111303,,pcs,49,49,,,,true
Fittings,CPVC,ADAPTOR,Astral,ADAPTOR,,,M512111304,,pcs,86.5,86.5,,,,true
Fittings,CPVC,ADAPTOR,Astral,ADAPTOR,,,M512111305,,pcs,122,122,,,,true
Fittings,CPVC,ADAPTOR,Astral,ADAPTOR,,,M512111306,,pcs,240,240,,,,true
Fittings,CPVC,MALE ADAPTOR,Astral,MALE ADAPTOR,,,M512111314,,pcs,45.5,45.5,,,,true
Fittings,CPVC,MALE ADAPTOR,Astral,MALE ADAPTOR,,,M512111316,,pcs,54,54,,,,true
Fittings,CPVC,ADAPTOR,Astral,ADAPTOR,,,M512112401,,pcs,44.5,44.5,,,,true
Fittings,CPVC,ADAPTOR,Astral,ADAPTOR,,,M512112402,,pcs,94,94,,,,true
Fittings,CPVC,ADAPTOR,Astral,ADAPTOR,,,M512112403,,pcs,158,158,,,,true
Fittings,CPVC,ADAPTOR,Astral,ADAPTOR,,,M512112404,,pcs,206,206,,,,true
Fittings,CPVC,ADAPTOR,Astral,ADAPTOR,,,M512112405,,pcs,254,254,,,,true
Fittings,CPVC,ADAPTOR,Astral,ADAPTOR,,,M512112406,,pcs,517,517,,,,true
Fittings,CPVC,CROSS-SOC,Astral,CROSS-SOC,,,M512110301,,pcs,122,122,,,,true
Fittings,CPVC,CROSS-SOC,Astral,CROSS-SOC,,,M512110314,,pcs,124,124,,,,true
Fittings,CPVC,CROSS-SOC,Astral,CROSS-SOC,,,M512110302,,pcs,198,198,,,,true
Fittings,CPVC,CROSS-SOC,Astral,CROSS-SOC,,,M512110315,,pcs,207,207,,,,true
Fittings,CPVC,CROSS-SOC,Astral,CROSS-SOC,,,M512110316,,pcs,305,305,,,,true
Fittings,CPVC,CROSS-SOC,Astral,CROSS-SOC,,,M512110303,,pcs,358,358,,,,true
Fittings,CPVC,CROSS-SOC,Astral,CROSS-SOC,,,M512110304,,pcs,433,433,,,,true
Fittings,CPVC,CROSS-SOC,Astral,CROSS-SOC,,,M512110317,,pcs,361,361,,,,true
Fittings,CPVC,NEW,Astral,NEW,,,M512112501,,pcs,83.5,83.5,,,,true
Fittings,CPVC,NEW,Astral,NEW,,,M512112502,,pcs,92,92,,,,true
Fittings,CPVC,NEW,Astral,NEW,,,M512112503,,pcs,141,141,,,,true
Fittings,CPVC,NEW,Astral,NEW,,,M512112504,,pcs,225,225,,,,true
Fittings,CPVC,NEW,Astral,NEW,,,M512112505,,pcs,326,326,,,,true
Fittings,CPVC,NEW,Astral,NEW,,,M512112506,,pcs,508,508,,,,true
Fittings,CPVC,6.5 X 2.5,Astral,6.5 X 2.5,,,A512112131,,pcs,616,616,,,,true
Fittings,CPVC,6.5 X 2.5,Astral,6.5 X 2.5,,,M512112133,,pcs,616,616,,,,true
Fittings,CPVC,6.5 X 2.5,Astral,6.5 X 2.5,,,M512112134,,pcs,616,616,,,,true
Fittings,CPVC,6.5 X 2.5,Astral,6.5 X 2.5,,,M512112139,,pcs,663,663,,,,true
Fittings,CPVC,6.5 X 2.5,Astral,6.5 X 2.5,,,M512112140,,pcs,638,638,,,,true
Fittings,CPVC,6.5 X 2.5,Astral,6.5 X 2.5,,,M512112146,,pcs,815,815,,,,true
Fittings,CPVC,6.5 X 2.5,Astral,6.5 X 2.5,,,M512112147,,pcs,1081,1081,,,,true
Fittings,CPVC,(IPS X CTS),Astral,(IPS X CTS),,,M5121117103,,pcs,18.5,18.5,,,,true
Fittings,CPVC,(IPS X CTS),Astral,(IPS X CTS),,,M5121117104,,pcs,27,27,,,,true
Fittings,CPVC,(IPS X CTS),Astral,(IPS X CTS),,,M5121117105,,pcs,53,53,,,,true
Fittings,CPVC,(IPS X CTS),Astral,(IPS X CTS),,,M5121117106,,pcs,70,70,,,,true
Fittings,CPVC,BUSH,Astral,BUSH,,,M512112101,,pcs,18,18,,,,true
Fittings,CPVC,BUSH,Astral,BUSH,,,M512112102,,pcs,24,24,,,,true
Fittings,CPVC,BUSH,Astral,BUSH,,,M512112103,,pcs,53,53,,,,true
Fittings,CPVC,BUSH,Astral,BUSH,,,M512112104,,pcs,81,81,,,,true
Fittings,CPVC,BUSH,Astral,BUSH,,,M512112105,,pcs,133,133,,,,true
Fittings,CPVC,BUSH,Astral,BUSH,,,M512112106,,pcs,237,237,,,,true
Fittings,CPVC,(IPS X CTS),Astral,(IPS X CTS),,,M512111914,,pcs,19.5,19.5,,,,true
Fittings,CPVC,(IPS X CTS),Astral,(IPS X CTS),,,M512111915,,pcs,38,38,,,,true
Fittings,CPVC,(IPS X CTS),Astral,(IPS X CTS),,,M512111916,,pcs,32.5,32.5,,,,true
Fittings,CPVC,(IPS X CTS),Astral,(IPS X CTS),,,M512111917,,pcs,58.5,58.5,,,,true
Fittings,CPVC,(IPS X CTS),Astral,(IPS X CTS),,,M512111918,,pcs,54,54,,,,true
Fittings,CPVC,(IPS X CTS),Astral,(IPS X CTS),,,M512111919,,pcs,51,51,,,,true
Fittings,CPVC,(IPS X CTS),Astral,(IPS X CTS),,,M512111920,,pcs,96.5,96.5,,,,true
Fittings,CPVC,(IPS X CTS),Astral,(IPS X CTS),,,M512111921,,pcs,89,89,,,,true
Fittings,CPVC,(IPS X CTS),Astral,(IPS X CTS),,,M512111922,,pcs,83.5,83.5,,,,true
Fittings,CPVC,(IPS X CTS),Astral,(IPS X CTS),,,M512111923,,pcs,58.5,58.5,,,,true
Fittings,CPVC,(IPS X CTS),Astral,(IPS X CTS),,,M512111924,,pcs,181,181,,,,true
Fittings,CPVC,(IPS X CTS),Astral,(IPS X CTS),,,M512111925,,pcs,164,164,,,,true
Fittings,CPVC,(IPS X CTS),Astral,(IPS X CTS),,,M512111926,,pcs,167,167,,,,true
Fittings,CPVC,(IPS X CTS),Astral,(IPS X CTS),,,M512111927,,pcs,181,181,,,,true
Fittings,CPVC,(IPS X CTS),Astral,(IPS X CTS),,,M512111928,,pcs,152,152,,,,true
Fittings,CPVC,BEND (L),Astral,BEND (L),,,M512113403,,pcs,485,485,,,,true
Fittings,CPVC,BEND (L),Astral,BEND (L),,,M512113404,,pcs,646,646,,,,true
Fittings,CPVC,BEND (L),Astral,BEND (L),,,M512113405,,pcs,754,754,,,,true
Fittings,CPVC,BEND (L),Astral,BEND (L),,,M512113406,,pcs,1186,1186,,,,true
Fittings,CPVC,FLG -SOC,Astral,FLG -SOC,,,M5128012702,,pcs,37,37,,,,true
Fittings,CPVC,FLG -SOC,Astral,FLG -SOC,,,M5128012703,,pcs,54,54,,,,true
Fittings,CPVC,HEX NIPPLE,Astral,HEX NIPPLE,,,M5128013902,,pcs,435,435,,,,true
Fittings,CPVC,HEX NIPPLE,Astral,HEX NIPPLE,,,M5128013903,,pcs,756,756,,,,true
Fittings,CPVC,NRV - SOC,Astral,NRV - SOC,,,M214002901,,pcs,15.5,15.5,,,,true
Fittings,CPVC,NRV - SOC,Astral,NRV - SOC,,,M214002902,,pcs,21,21,,,,true
Fittings,CPVC,END PLUG,Astral,END PLUG,,,M5121115403,,pcs,1275,1275,,,,true
Fittings,CPVC,END PLUG,Astral,END PLUG,,,M5121115404,,pcs,3374,3374,,,,true
Fittings,CPVC,END PLUG,Astral,END PLUG,,,M5121115405,,pcs,3950,3950,,,,true
Fittings,CPVC,END PLUG,Astral,END PLUG,,,M5121115406,,pcs,6204,6204,,,,true
Fittings,CPVC,WYE-STRAINER,Astral,WYE-STRAINER,,,M512110902,,pcs,146,146,,,,true
Fittings,CPVC,WYE-STRAINER,Astral,WYE-STRAINER,,,M512110903,,pcs,248,248,,,,true
Fittings,CPVC,WYE-STRAINER,Astral,WYE-STRAINER,,,M512110904,,pcs,396,396,,,,true
Fittings,CPVC,WYE-STRAINER,Astral,WYE-STRAINER,,,M512110905,,pcs,743,743,,,,true
Fittings,CPVC,BEND,Astral,BEND,,,M512806501,,pcs,81,81,,,,true
Fittings,CPVC,BEND,Astral,BEND,,,M512806502,,pcs,123,123,,,,true
Fittings,CPVC,BEND,Astral,BEND,,,M512806503,,pcs,193,193,,,,true
Fittings,CPVC,BEND,Astral,BEND,,,M512806504,,pcs,207,207,,,,true
Fittings,CPVC,BEND,Astral,BEND,,,M512806505,,pcs,464,464,,,,true
Fittings,CPVC,BEND,Astral,BEND,,,M512806506,,pcs,489,489,,,,true
Fittings,CPVC,(SPIGOT TYPE),Astral,(SPIGOT TYPE),,,M5128010202,,pcs,80,80,,,,true
Fittings,CPVC,(SPIGOT TYPE),Astral,(SPIGOT TYPE),,,M5128010203,,pcs,123,123,,,,true
Fittings,CPVC,(SPIGOT TYPE),Astral,(SPIGOT TYPE),,,M5128010204,,pcs,208,208,,,,true
Fittings,CPVC,(SPIGOT TYPE),Astral,(SPIGOT TYPE),,,M5128010205,,pcs,281,281,,,,true
Fittings,CPVC,(SPIGOT TYPE),Astral,(SPIGOT TYPE),,,M5128010206,,pcs,485,485,,,,true
Fittings,CPVC,(WITH BOTH,Astral,(WITH BOTH,,,M512112801,,pcs,123,123,,,,true
Fittings,CPVC,(WITH BOTH,Astral,(WITH BOTH,,,M512112802,,pcs,224,224,,,,true
Fittings,CPVC,(WITH BOTH,Astral,(WITH BOTH,,,M512112803,,pcs,309,309,,,,true
Fittings,CPVC,(WITH BOTH,Astral,(WITH BOTH,,,M512112804,,pcs,380,380,,,,true
Fittings,CPVC,(WITH BOTH,Astral,(WITH BOTH,,,M512112805,,pcs,956,956,,,,true
Pipes & Tubing,CPVC,Astral Product,Astral,Astral Product,,,M512118501,,pcs,1272,1272,,,,true
Pipes & Tubing,CPVC,Astral Product,Astral,Astral Product,,,M512118502,,pcs,1401,1401,,,,true
Pipes & Tubing,CPVC,Astral Product,Astral,Astral Product,,,M512118503,,pcs,2090,2090,,,,true
Valves,CPVC,(TRIANGLE),Astral,(TRIANGLE),,,M5121110501,,pcs,1272,1272,,,,true
Valves,CPVC,(TRIANGLE),Astral,(TRIANGLE),,,M5121110502,,pcs,1566,1566,,,,true
Valves,CPVC,(TRIANGLE),Astral,(TRIANGLE),,,M5121110503,,pcs,1834,1834,,,,true
Valves,CPVC,(ROUND),Astral,(ROUND),,,M512118601,,pcs,762,762,,,,true
Valves,CPVC,(ROUND),Astral,(ROUND),,,M512118602,,pcs,1003,1003,,,,true
Valves,CPVC,(ROUND),Astral,(ROUND),,,M512118603,,pcs,1963,1963,,,,true
Valves,CPVC,(WHEEL TYPE),Astral,(WHEEL TYPE),,,M5121113102,,pcs,1513,1513,,,,true
Valves,CPVC,(WHEEL TYPE),Astral,(WHEEL TYPE),,,M5121113103,,pcs,1737,1737,,,,true
Valves,CPVC,(WHEEL TYPE),Astral,(WHEEL TYPE),,,M5121113202,,pcs,1277,1277,,,,true
Valves,CPVC,(WHEEL TYPE),Astral,(WHEEL TYPE),,,M5121113203,,pcs,1539,1539,,,,true
Valves,CPVC,(TRIANGLE),Astral,(TRIANGLE),,,M5121113702,,pcs,1582,1582,,,,true
Valves,CPVC,(TRIANGLE),Astral,(TRIANGLE),,,M5121113703,,pcs,1823,1823,,,,true
Valves,CPVC,(TRIANGLE),Astral,(TRIANGLE),,,M5121113802,,pcs,1341,1341,,,,true
Valves,CPVC,(TRIANGLE),Astral,(TRIANGLE),,,M5121113803,,pcs,1650,1650,,,,true
Valves,CPVC,(ROUND),Astral,(ROUND),,,M5121110601,,pcs,1272,1272,,,,true
Valves,CPVC,(ROUND),Astral,(ROUND),,,M5121110602,,pcs,1566,1566,,,,true
Valves,CPVC,(ROUND),Astral,(ROUND),,,M5121110603,,pcs,1834,1834,,,,true
Valves,CPVC,(FLOWER),Astral,(FLOWER),,,M5121113502,,pcs,1600,1600,,,,true
Valves,CPVC,(FLOWER),Astral,(FLOWER),,,M5121113503,,pcs,1852,1852,,,,true
Valves,CPVC,(FLOWER),Astral,(FLOWER),,,M5121113602,,pcs,1350,1350,,,,true
Valves,CPVC,(FLOWER),Astral,(FLOWER),,,M5121113603,,pcs,1590,1590,,,,true
Valves,CPVC,(FLOWER),Astral,(FLOWER),,,M5121110401,,pcs,1272,1272,,,,true
Valves,CPVC,(FLOWER),Astral,(FLOWER),,,M5121110402,,pcs,1566,1566,,,,true
Valves,CPVC,(FLOWER),Astral,(FLOWER),,,M5121110403,,pcs,1834,1834,,,,true
Valves,CPVC,(SQUARE),Astral,(SQUARE),,,M5121113302,,pcs,1573,1573,,,,true
Valves,CPVC,(SQUARE),Astral,(SQUARE),,,M5121113303,,pcs,1804,1804,,,,true
Valves,CPVC,(SQUARE),Astral,(SQUARE),,,M5121113402,,pcs,1326,1326,,,,true
Valves,CPVC,(SQUARE),Astral,(SQUARE),,,M5121113403,,pcs,1598,1598,,,,true
Fittings,CPVC,(ROUND),Astral,(ROUND),,,M512118001,,pcs,22,22,,,,true
Fittings,CPVC,(ROUND),Astral,(ROUND),,,M512118002,,pcs,33,33,,,,true
Fittings,CPVC,(ROUND),Astral,(ROUND),,,M512118003,,pcs,48,48,,,,true
Fittings,CPVC,(ROUND),Astral,(ROUND),,,M512118004,,pcs,76,76,,,,true
Fittings,CPVC,(ROUND),Astral,(ROUND),,,M512118005,,pcs,90,90,,,,true
Fittings,CPVC,(ROUND),Astral,(ROUND),,,M512118006,,pcs,142,142,,,,true
Pipes & Tubing,CPVC,SOLVENT CEMENTS,Astral,SOLVENT CEMENTS,,,M003605005,,pcs,170,170,,,,true
Pipes & Tubing,CPVC,SOLVENT CEMENTS,Astral,SOLVENT CEMENTS,,,M003605030,,pcs,217,217,,,,true
Pipes & Tubing,CPVC,SOLVENT CEMENTS,Astral,SOLVENT CEMENTS,,,M003605035,,pcs,377,377,,,,true
Pipes & Tubing,CPVC,SOLVENT CEMENTS,Astral,SOLVENT CEMENTS,,,M003605040,,pcs,775,775,,,,true
Pipes & Tubing,CPVC,SOLVENT CEMENTS,Astral,SOLVENT CEMENTS,,,M003605045,,pcs,1365,1365,,,,true
Pipes & Tubing,CPVC,(YELLOW),Astral,(YELLOW),,,M004901013,,pcs,165,165,,,,true
Pipes & Tubing,CPVC,(YELLOW),Astral,(YELLOW),,,M004901014,,pcs,220,220,,,,true
Pipes & Tubing,CPVC,(YELLOW),Astral,(YELLOW),,,M004901016,,pcs,360,360,,,,true
Pipes & Tubing,CPVC,(YELLOW),Astral,(YELLOW),,,M004901017,,pcs,835,835,,,,true
Pipes & Tubing,CPVC,(YELLOW),Astral,(YELLOW),,,M004901018,,pcs,1485,1485,,,,true
Fittings,CPVC,(YELLOW),Astral,(YELLOW),,,M512401007,,pcs,531,531,,,,true
Fittings,CPVC,(YELLOW),Astral,(YELLOW),,,M512401008,,pcs,744,744,,,,true
Fittings,CPVC,(YELLOW),Astral,(YELLOW),,,M512401009,,pcs,1165,1165,,,,true
Fittings,CPVC,-SOC,Astral,-SOC,,,M512400241,,pcs,956,956,,,,true
Fittings,CPVC,-SOC,Astral,-SOC,,,M512400248,,pcs,1581,1581,,,,true
Fittings,CPVC,-SOC,Astral,-SOC,,,M512400249,,pcs,1673,1673,,,,true
Fittings,CPVC,-SOC,Astral,-SOC,,,M512400107,,pcs,1176,1176,,,,true
Fittings,CPVC,-SOC,Astral,-SOC,,,M512400108,,pcs,1732,1732,,,,true
Fittings,CPVC,-SOC,Astral,-SOC,,,M512400109,,pcs,3063,3063,,,,true
Fittings,CPVC,TEE - SOC,Astral,TEE - SOC,,,M512400507,,pcs,836,836,,,,true
Fittings,CPVC,TEE - SOC,Astral,TEE - SOC,,,M512400508,,pcs,1227,1227,,,,true
Fittings,CPVC,TEE - SOC,Astral,TEE - SOC,,,M512400509,,pcs,2013,2013,,,,true
Fittings,CPVC,ELBOW 90° - SOC,Astral,ELBOW 90° - SOC,,,M512401941,,pcs,659,659,,,,true
Fittings,CPVC,ELBOW 90° - SOC,Astral,ELBOW 90° - SOC,,,M512401948,,pcs,976,976,,,,true
Fittings,CPVC,ELBOW 90° - SOC,Astral,ELBOW 90° - SOC,,,M512401949,,pcs,1003,1003,,,,true
Fittings,CPVC,BEND WITH,Astral,BEND WITH,,,M512404107,,pcs,378,378,,,,true
Fittings,CPVC,BEND WITH,Astral,BEND WITH,,,M512404108,,pcs,567,567,,,,true
Fittings,CPVC,BEND WITH,Astral,BEND WITH,,,M512404109,,pcs,982,982,,,,true
Fittings,CPVC,END CAP - SOC,Astral,END CAP - SOC,,,M512401141,,pcs,765,765,,,,true
Fittings,CPVC,END CAP - SOC,Astral,END CAP - SOC,,,M512401148,,pcs,1074,1074,,,,true
Fittings,CPVC,END CAP - SOC,Astral,END CAP - SOC,,,M512401149,,pcs,1074,1074,,,,true
Fittings,CPVC,Astral Product,Astral,Astral Product,,,M512800507,,pcs,1405,1405,,,,true
Fittings,CPVC,Astral Product,Astral,Astral Product,,,M512800508,,pcs,2063,2063,,,,true
Fittings,CPVC,Astral Product,Astral,Astral Product,,,M512800509,,pcs,3502,3502,,,,true
Fittings,CPVC,Astral Product,Astral,Astral Product,,,M512800510,,pcs,8177,8177,,,,true
Fittings,CPVC,Astral Product,Astral,Astral Product,,,M512800511,,pcs,16521,16521,,,,true
Fittings,CPVC,Astral Product,Astral,Astral Product,,,M512800512,,pcs,27386,27386,,,,true
Fittings,CPVC,20.0 X15.0,Astral,20.0 X15.0,,,M512801141,,pcs,1170,1170,,,,true
Fittings,CPVC,20.0 X15.0,Astral,20.0 X15.0,,,M512801148,,pcs,1672,1672,,,,true
Fittings,CPVC,20.0 X15.0,Astral,20.0 X15.0,,,M512801149,,pcs,1915,1915,,,,true
Fittings,CPVC,20.0 X15.0,Astral,20.0 X15.0,,,M512801156,,pcs,4700,4700,,,,true
Fittings,CPVC,20.0 X15.0,Astral,20.0 X15.0,,,M512801157,,pcs,5060,5060,,,,true
Fittings,CPVC,20.0 X15.0,Astral,20.0 X15.0,,,M512801158,,pcs,5232,5232,,,,true
Fittings,CPVC,20.0 X15.0,Astral,20.0 X15.0,,,M512801167,,pcs,8295,8295,,,,true
Fittings,CPVC,20.0 X15.0,Astral,20.0 X15.0,,,M512801168,,pcs,8938,8938,,,,true
Fittings,CPVC,(IPS X IPS),Astral,(IPS X IPS),,,M512801707,,pcs,2612,2612,,,,true
Fittings,CPVC,(IPS X IPS),Astral,(IPS X IPS),,,M512801708,,pcs,3136,3136,,,,true
Fittings,CPVC,(IPS X IPS),Astral,(IPS X IPS),,,M512801709,,pcs,6822,6822,,,,true
Fittings,CPVC,FEMALE ADAPTOR,Astral,FEMALE ADAPTOR,,,M512801307,,pcs,589,589,,,,true
Fittings,CPVC,FEMALE ADAPTOR,Astral,FEMALE ADAPTOR,,,M512801308,,pcs,812,812,,,,true
Fittings,CPVC,FEMALE ADAPTOR,Astral,FEMALE ADAPTOR,,,M512801309,,pcs,1528,1528,,,,true
Fittings,CPVC,MALE ADAPTOR,Astral,MALE ADAPTOR,,,M512801607,,pcs,571,571,,,,true
Fittings,CPVC,MALE ADAPTOR,Astral,MALE ADAPTOR,,,M512801608,,pcs,918,918,,,,true
Fittings,CPVC,MALE ADAPTOR,Astral,MALE ADAPTOR,,,M512801609,,pcs,1552,1552,,,,true
Fittings,CPVC,4 X 3,Astral,4 X 3,,,M512800241,,pcs,1116,1116,,,,true
Fittings,CPVC,4 X 3,Astral,4 X 3,,,M512800248,,pcs,1849,1849,,,,true
Fittings,CPVC,4 X 3,Astral,4 X 3,,,M512800249,,pcs,1953,1953,,,,true
Fittings,CPVC,4 X 3,Astral,4 X 3,,,M512800256,,pcs,5450,5450,,,,true
Fittings,CPVC,4 X 3,Astral,4 X 3,,,M512800257,,pcs,5541,5541,,,,true
Fittings,CPVC,4 X 3,Astral,4 X 3,,,M512800258,,pcs,5620,5620,,,,true
Fittings,CPVC,4 X 3,Astral,4 X 3,,,M512800267,,pcs,7937,7937,,,,true
Fittings,CPVC,4 X 3,Astral,4 X 3,,,M512800268,,pcs,8183,8183,,,,true
Fittings,CPVC,(IPS X IPS),Astral,(IPS X IPS),,,M512804107,,pcs,541,541,,,,true
Fittings,CPVC,(IPS X IPS),Astral,(IPS X IPS),,,M512804108,,pcs,805,805,,,,true
Fittings,CPVC,(IPS X IPS),Astral,(IPS X IPS),,,M512804109,,pcs,1389,1389,,,,true
Fittings,CPVC,(IPS X IPS),Astral,(IPS X IPS),,,M512804110,,pcs,3510,3510,,,,true
Fittings,CPVC,SOC,Astral,SOC,,,M512801941,,pcs,755,755,,,,true
Fittings,CPVC,SOC,Astral,SOC,,,M512801948,,pcs,1495,1495,,,,true
Fittings,CPVC,SOC,Astral,SOC,,,M512801949,,pcs,1334,1334,,,,true
Fittings,CPVC,SOC,Astral,SOC,,,M512801957,,pcs,1866,1866,,,,true
Fittings,CPVC,SOC,Astral,SOC,,,M512801958,,pcs,2753,2753,,,,true
Fittings,CPVC,SOC,Astral,SOC,,,M512801967,,pcs,4044,4044,,,,true
Fittings,CPVC,SOC,Astral,SOC,,,M512801968,,pcs,4939,4939,,,,true
Fittings,CPVC,SOC,Astral,SOC,,,M5128019115,,pcs,10077,10077,,,,true
Fittings,CPVC,(IPS X IPS),Astral,(IPS X IPS),,,M512801007,,pcs,879,879,,,,true
Fittings,CPVC,(IPS X IPS),Astral,(IPS X IPS),,,M512801008,,pcs,1252,1252,,,,true
Fittings,CPVC,(IPS X IPS),Astral,(IPS X IPS),,,M512801009,,pcs,1916,1916,,,,true
Fittings,CPVC,(IPS X IPS),Astral,(IPS X IPS),,,M512801010,,pcs,3722,3722,,,,true
Fittings,CPVC,(IPS X IPS),Astral,(IPS X IPS),,,M512801011,,pcs,8223,8223,,,,true
Fittings,CPVC,(IPS X IPS),Astral,(IPS X IPS),,,M512801012,,pcs,13755,13755,,,,true
Fittings,CPVC,(IPS X IPS),Astral,(IPS X IPS),,,M512801013,,pcs,19016,19016,,,,true
Fittings,CPVC,COUPLER - SOC,Astral,COUPLER - SOC,,,M512802307,,pcs,1233,1233,,,,true
Fittings,CPVC,COUPLER - SOC,Astral,COUPLER - SOC,,,M512802308,,pcs,1747,1747,,,,true
Fittings,CPVC,COUPLER - SOC,Astral,COUPLER - SOC,,,M512802309,,pcs,3153,3153,,,,true
Fittings,CPVC,COUPLER - SOC,Astral,COUPLER - SOC,,,M512802310,,pcs,6960,6960,,,,true
Fittings,CPVC,COUPLER - SOC,Astral,COUPLER - SOC,,,M512802311,,pcs,12813,12813,,,,true
Fittings,CPVC,ELBOW 45° - SOC,Astral,ELBOW 45° - SOC,,,M512800107,,pcs,1900,1900,,,,true
Fittings,CPVC,ELBOW 45° - SOC,Astral,ELBOW 45° - SOC,,,M512800108,,pcs,2823,2823,,,,true
Fittings,CPVC,ELBOW 45° - SOC,Astral,ELBOW 45° - SOC,,,M512800109,,pcs,4720,4720,,,,true
Fittings,CPVC,ELBOW 45° - SOC,Astral,ELBOW 45° - SOC,,,M512800110,,pcs,10513,10513,,,,true
Fittings,CPVC,ELBOW 45° - SOC,Astral,ELBOW 45° - SOC,,,M512800111,,pcs,20911,20911,,,,true
Fittings,CPVC,ELBOW 45° - SOC,Astral,ELBOW 45° - SOC,,,M512800112,,pcs,33100,33100,,,,true
Fittings,CPVC,TEE - SOC,Astral,TEE - SOC,,,M512801407,,pcs,4605,4605,,,,true
Fittings,CPVC,TEE - SOC,Astral,TEE - SOC,,,M512801408,,pcs,5396,5396,,,,true
Fittings,CPVC,TEE - SOC,Astral,TEE - SOC,,,M512801409,,pcs,11634,11634,,,,true
Fittings,CPVC,MALE ADAPTOR,Astral,MALE ADAPTOR,,,M512802407,,pcs,1531,1531,,,,true
Fittings,CPVC,MALE ADAPTOR,Astral,MALE ADAPTOR,,,M512802408,,pcs,1996,1996,,,,true
Fittings,CPVC,MALE ADAPTOR,Astral,MALE ADAPTOR,,,M512802409,,pcs,3323,3323,,,,true
Fittings,CPVC,CROSS-SOC,Astral,CROSS-SOC,,,M512802607,,pcs,1524,1524,,,,true
Fittings,CPVC,CROSS-SOC,Astral,CROSS-SOC,,,M512802608,,pcs,2309,2309,,,,true
Fittings,CPVC,CROSS-SOC,Astral,CROSS-SOC,,,M512802609,,pcs,3937,3937,,,,true
Fittings,CPVC,UNION - SOC,Astral,UNION - SOC,,,F512800907,,pcs,1979,1979,,,,true
Fittings,CPVC,UNION - SOC,Astral,UNION - SOC,,,F512800908,,pcs,3109,3109,,,,true
Fittings,CPVC,UNION - SOC,Astral,UNION - SOC,,,F512800909,,pcs,5647,5647,,,,true
Fittings,CPVC,NEW,Astral,NEW,,,M5128015407,,pcs,7247,7247,,,,true
Fittings,CPVC,NEW,Astral,NEW,,,M5128015408,,pcs,9283,9283,,,,true
Fittings,CPVC,NEW,Astral,NEW,,,M5128015409,,pcs,20778,20778,,,,true
Fittings,CPVC,SOC (EPDM),Astral,SOC (EPDM),,,M512803307,,pcs,1999,1999,,,,true
Fittings,CPVC,SOC (EPDM),Astral,SOC (EPDM),,,M512803308,,pcs,2284,2284,,,,true
Fittings,CPVC,SOC (EPDM),Astral,SOC (EPDM),,,M512803309,,pcs,3711,3711,,,,true
Fittings,CPVC,SOC (EPDM),Astral,SOC (EPDM),,,M512803310,,pcs,6137,6137,,,,true
Fittings,CPVC,FLANGE SPG,Astral,FLANGE SPG,,,M512804207,,pcs,1312,1312,,,,true
Fittings,CPVC,FLANGE SPG,Astral,FLANGE SPG,,,M512804208,,pcs,1319,1319,,,,true
Fittings,CPVC,FLANGE SPG,Astral,FLANGE SPG,,,M512804209,,pcs,2290,2290,,,,true
Fittings,CPVC,FLANGE SPG,Astral,FLANGE SPG,,,M512804210,,pcs,2816,2816,,,,true
Fittings,CPVC,FLANGE SPG,Astral,FLANGE SPG,,,M512804211,,pcs,4399,4399,,,,true
Fittings,CPVC,RING - SOC,Astral,RING - SOC,,,M512803407,,pcs,1830,1830,,,,true
Fittings,CPVC,RING - SOC,Astral,RING - SOC,,,M512803408,,pcs,2034,2034,,,,true
Fittings,CPVC,RING - SOC,Astral,RING - SOC,,,M512803409,,pcs,3484,3484,,,,true
Fittings,CPVC,RING - SOC,Astral,RING - SOC,,,M512803410,,pcs,5440,5440,,,,true
Fittings,CPVC,RING - SOC,Astral,RING - SOC,,,M512803411,,pcs,8438,8438,,,,true
Fittings,CPVC,FLANGE - SOC,Astral,FLANGE - SOC,,,M512803607,,pcs,516,516,,,,true
Fittings,CPVC,FLANGE - SOC,Astral,FLANGE - SOC,,,M512803608,,pcs,711,711,,,,true
Fittings,CPVC,FLANGE - SOC,Astral,FLANGE - SOC,,,M512803609,,pcs,1198,1198,,,,true
Fittings,CPVC,FLANGE - SOC,Astral,FLANGE - SOC,,,M512803610,,pcs,2630,2630,,,,true
Fittings,CPVC,FLANGE - SOC,Astral,FLANGE - SOC,,,M512803611,,pcs,3360,3360,,,,true
Pipes & Tubing,CPVC,Astral Product,Astral,Astral Product,,,M004901034,,pcs,655,655,,,,true
Pipes & Tubing,CPVC,Astral Product,Astral,Astral Product,,,M004901036,,pcs,1035,1035,,,,true
Pipes & Tubing,CPVC,PRIMER P 70,Astral,PRIMER P 70,,,M004901028,,pcs,1485,1485,,,,true
Pipes & Tubing,CPVC,PRIMER P 70,Astral,PRIMER P 70,,,M004901029,,pcs,2625,2625,,,,true
Pipes & Tubing,CPVC,CPVC 724,Astral,CPVC 724,,,M003302004,,pcs,20,20,,,,true
Pipes & Tubing,CPVC,CPVC 724,Astral,CPVC 724,,,M003302007,,pcs,30,30,,,,true
Pipes & Tubing,CPVC,CPVC 724,Astral,CPVC 724,,,M003302017,,pcs,35,35,,,,true
